candidates,detail,iterations,phase,timestamp
0,Initializing edge candidate generation...,0,started,2026-05-05T16:01:12Z
0,"Generating edge candidates through MATLAB-style frontier workflow (iterations=1, candidates=0)",1,heartbeat,2026-05-05T16:01:14Z
17,"Generating edge candidates through MATLAB-style frontier workflow (iterations=512, candidates=17)",512,heartbeat,2026-05-05T16:01:16Z
37,"Generating edge candidates through MATLAB-style frontier workflow (iterations=1024, candidates=37)",1024,heartbeat,2026-05-05T16:01:17Z
60,"Generating edge candidates through MATLAB-style frontier workflow (iterations=1536, candidates=60)",1536,heartbeat,2026-05-05T16:01:18Z
96,"Generating edge candidates through MATLAB-style frontier workflow (iterations=2048, candidates=96)",2048,heartbeat,2026-05-05T16:01:19Z
129,"Generating edge candidates through MATLAB-style frontier workflow (iterations=2560, candidates=129)",2560,heartbeat,2026-05-05T16:01:19Z
164,"Generating edge candidates through MATLAB-style frontier workflow (iterations=3072, candidates=164)",3072,heartbeat,2026-05-05T16:01:20Z
211,"Generating edge candidates through MATLAB-style frontier workflow (iterations=3584, candidates=211)",3584,heartbeat,2026-05-05T16:01:21Z
248,"Generating edge candidates through MATLAB-style frontier workflow (iterations=4096, candidates=248)",4096,heartbeat,2026-05-05T16:01:22Z
279,"Generating edge candidates through MATLAB-style frontier workflow (iterations=4608, candidates=279)",4608,heartbeat,2026-05-05T16:01:23Z
319,"Generating edge candidates through MATLAB-style frontier workflow (iterations=5120, candidates=319)",5120,heartbeat,2026-05-05T16:01:24Z
355,"Generating edge candidates through MATLAB-style frontier workflow (iterations=5632, candidates=355)",5632,heartbeat,2026-05-05T16:01:25Z
403,"Generating edge candidates through MATLAB-style frontier workflow (iterations=6144, candidates=403)",6144,heartbeat,2026-05-05T16:01:27Z
423,"Generating edge candidates through MATLAB-style frontier workflow (iterations=6656, candidates=423)",6656,heartbeat,2026-05-05T16:01:28Z
442,"Generating edge candidates through MATLAB-style frontier workflow (iterations=7168, candidates=442)",7168,heartbeat,2026-05-05T16:01:29Z
470,"Generating edge candidates through MATLAB-style frontier workflow (iterations=7680, candidates=470)",7680,heartbeat,2026-05-05T16:01:31Z
511,"Generating edge candidates through MATLAB-style frontier workflow (iterations=8192, candidates=511)",8192,heartbeat,2026-05-05T16:01:34Z
527,"Generating edge candidates through MATLAB-style frontier workflow (iterations=8704, candidates=527)",8704,heartbeat,2026-05-05T16:01:36Z
543,"Generating edge candidates through MATLAB-style frontier workflow (iterations=9216, candidates=543)",9216,heartbeat,2026-05-05T16:01:37Z
579,"Generating edge candidates through MATLAB-style frontier workflow (iterations=9728, candidates=579)",9728,heartbeat,2026-05-05T16:01:38Z
598,"Generating edge candidates through MATLAB-style frontier workflow (iterations=10240, candidates=598)",10240,heartbeat,2026-05-05T16:01:39Z
616,"Generating edge candidates through MATLAB-style frontier workflow (iterations=10752, candidates=616)",10752,heartbeat,2026-05-05T16:01:40Z
633,"Generating edge candidates through MATLAB-style frontier workflow (iterations=11264, candidates=633)",11264,heartbeat,2026-05-05T16:01:41Z
644,"Generating edge candidates through MATLAB-style frontier workflow (iterations=11776, candidates=644)",11776,heartbeat,2026-05-05T16:01:43Z
658,"Generating edge candidates through MATLAB-style frontier workflow (iterations=12288, candidates=658)",12288,heartbeat,2026-05-05T16:01:44Z
675,"Generating edge candidates through MATLAB-style frontier workflow (iterations=12800, candidates=675)",12800,heartbeat,2026-05-05T16:01:44Z
681,"Generating edge candidates through MATLAB-style frontier workflow (iterations=13312, candidates=681)",13312,heartbeat,2026-05-05T16:01:45Z
682,"Generating edge candidates through MATLAB-style frontier workflow (iterations=13824, candidates=682)",13824,heartbeat,2026-05-05T16:01:46Z
682,"Generating edge candidates through MATLAB-style frontier workflow (iterations=14336, candidates=682)",14336,heartbeat,2026-05-05T16:01:47Z
682,"Generating edge candidates through MATLAB-style frontier workflow (iterations=14848, candidates=682)",14848,heartbeat,2026-05-05T16:01:48Z
682,Completed edge candidate generation through MATLAB-style frontier workflow (candidates=682),14848,completed,2026-05-05T16:02:08Z
